{
    "010":{
        "SAC":"source.sac",
        "SIC":"source.sic"
    },
    "020":{
        "TYP":{
            "0":{
                "target_report.psr_detection":false,
                "target_report.ssr_detection":false,
                "target_report.mode_s_all_call":false,
                "target_report.mode_s_roll_call":false
            },
            "1":{
                "target_report.psr_detection":true,
                "target_report.ssr_detection":false,
                "target_report.mode_s_all_call":false,
                "target_report.mode_s_roll_call":false
            },
            "2":{
                "target_report.psr_detection":false,
                "target_report.ssr_detection":true,
                "target_report.mode_s_all_call":false,
                "target_report.mode_s_roll_call":false
            },
            "3":{
                "target_report.psr_detection":true,
                "target_report.ssr_detection":true,
                "target_report.mode_s_all_call":false,
                "target_report.mode_s_roll_call":false
            },
            "4":{
                "target_report.psr_detection":false,
                "target_report.ssr_detection":false,
                "target_report.mode_s_all_call":true,
                "target_report.mode_s_roll_call":false
            },
            "5":{
                "target_report.psr_detection":false,
                "target_report.ssr_detection":false,
                "target_report.mode_s_all_call":false,
                "target_report.mode_s_roll_call":true
            },
            "6":{
                "target_report.psr_detection":true,
                "target_report.ssr_detection":false,
                "target_report.mode_s_all_call":true,
                "target_report.mode_s_roll_call":false
            },
            "7":{
                "target_report.psr_detection":true,
                "target_report.ssr_detection":false,
                "target_report.mode_s_all_call":false,
                "target_report.mode_s_roll_call":true
            }

        },
        "SIM":{
            "0":{
                "target_report.simulated":false
            },
            "1":{
                "target_report.simulated":true
            }
        },
        "RDP":{
            "0":{
                "target_report.chain":false
            },
            "1":{
                "target_report.chain":true
            }
        },
        "SPI":{
            "0":{
                "target.special_position_indicator":false
            },
            "1":{
                "target.special_position_indicator":true
            }
        },
        "RAB":{
            "0":{
                "target_report.fixed_transponder":false
            },
            "1":{
                "target_report.fixed_transponder":true
            }
        },
        "TST":{
            "0":{
                "target_report.test":false
            },
            "1":{
                "target_report.test":true
            }
        },
        "ME":{
            "0":{
                "target.alert.military_emergency":false
            },
            "1":{
                "target.alert.military_emergency":true
            }
        },
        "MI":{
            "0":{
                "target.type.is_military":false
            },
            "1":{
                "target.type.is_military":true
            }
        },
        "FOE/FRI":"target.type.friend_foe"
    },
    "030":{
        "Warning/Error Conditions":"target.alert.codes"
    },

    "040":{
        "RHO":"planar.polar.position.range",
        "THETA":"planar.polar.position.azimuth"
    },
    "042":{
        "X-Component":"planar.cartesian.position.x",
        "Y-Component":"planar.cartesian.position.y"
    },
    "050":{
        "V":"",
        "G":"",
        "L":"",
        "Mode-2 code":""
    },
    "055":{
        "V":"",
        "G":"",
        "L":"",
        "Mode-1 code":""
    },
    "060":{
        "QXi":""
    },
    "065":{
        "QXi":""
    },
    "070":{
        "V":{
            "0":{
                "identification.mode_3a.valid":true
            },
            "1":{
                "identification.mode_3a.valid":false
            }
        },
        "G":{
            "0":{
                "identification.mode_3a.garbled":false
            },
            "1":{
                "identification.mode_3a.garbled":true
            }
        },
        "L":{
            "0":{
                "identification.mode_3a.smoothed":false
            },
            "1":{
                "identification.mode_3a.smoothed":true
            }
        },
        "Mode-3/A reply":"identification.mode_3a.code"
    },
    "080":{
        "QXi":"identification.mode_3a.pulse_quality"
    },
    "090":{
        "V":{
            "0":{
                "vertical.flight_level.measured.valid":true
            },
            "1":{
                "vertical.flight_level.measured.valid":false
            }
        },
        "G":{
            "0":{
                "vertical.flight_level.measured.garbled":false
            },
            "1":{
                "vertical.flight_level.measured.garbled":true
            }
        },
        "Flight Level":"vertical.flight_level.measured.value"
    },
    "100":{
        "V":{
            "0":{
                "vertical.mode_c.valid":true
            },
            "1":{
                "vertical.mode_c.valid":false
            }
        },
        "G":{
            "0":{
                "vertical.mode_c.garbled":false
            },
            "1":{
                "vertical.mode_c.garbled":true
            }
        },
        "Mode-C reply":"vertical.mode_c.code",
        "QXi":"vertical.mode_c.pulse_quality"
    },
    "110":{
        "3D-Height":"vertical.altitude.value"
    },
    "120":{
        "CAL":{
            "D":{
                "0":{
                    "planar.polar.speed.calculated.doubtful":false
                },
                "1":{
                    "planar.polar.speed.calculated.doubtful":true
                }
            },
            "CAL":"planar.polar.speed.calculated.value"
        },
        "RDS":""
    },
    "130":{
        "SRL":{
            "value":"target_report.radar.ssr_runlength"
        },
        "SSR":{
            "value":"target_report.radar.ssr_num_replies"
        },
        "SAM":{
            "value":"target_report.radar.ssr_amplitude"
        },
        "PRL":{
            "value":"target_report.radar.psr_runlength"
        },
        "PAM":{
            "value":"target_report.radar.psr_amplitude"
        },
        "RDP":{
            "value":"target_report.radar.psr_ssr_range_diff"
        },
        "APD":{
            "value":"target_report.radar.psr_ssr_azimuth_diff"
        }
    },
    "140":{
        "Time-of-Day":"time_of_day"
    },
    "161":{
        "TRACK NUMBER":"track.number"
    },
    "170":{
        "CNF":{
                "0":{
                    "track.status.tentative":false
                },
                "1":{
                    "track.status.tentative":true
                }
            },
        "RAD":"track.sensor_source",
        "DOU":{
                "0":{
                    "track.confidence.low":false
                },
                "1":{
                    "track.confidence.low":true
                }
            },
        "MAH":{
                "0":{
                    "target.movement.horizontal_manoeuvre":false
                },
                "1":{
                    "target.movement.horizontal_manoeuvre":true
                }
            },
        "CDM":"target.movement.climb_descent",
        "TRE":{
                "0":{
                    "track.status.end":false
                },
                "1":{
                    "track.status.end":true
                }
            },
        "GHO":{
                "0":{
                    "track.confidence.ghost":false
                },
                "1":{
                    "track.confidence.ghost":true
                }
            },
        "SUP":"",
        "TCC":{
                "0":{
                    "target.corrected_projection":false
                },
                "1":{
                    "target.corrected_projection":true
                }
            }
    },
    "200":{
        "CALCULATED GROUNDSPEED":"planar.speed.ground.calculated",
        "CALCULATED HEADING":"planar.track_angle.calculated"
    },
    "210":{
        "Sigma (X)":"planar.cartesian.position.x_stddev",
        "Sigma (Y)":"planar.cartesian.position.y_stddev",
        "Sigma (V)":"planar.speed.ground.stddev",
        "Sigma (H)":"planar.track_angle.stddev"
    },
    "220":{
        "Aircraft Address":"identification.target_address"
    },
    "230":{
        "COM":"",
        "STAT":{
            "0":{
                "target.alert.flight_status":false,
                "target.special_position_indicator_fs":false,
                "target.on_ground_fs":false
            },
            "1":{
                "target.alert.flight_status":false,
                "target.special_position_indicator_fs":false,
                "target.on_ground_fs":true
            },
            "2":{
                "target.alert.flight_status":true,
                "target.special_position_indicator_fs":false,
                "target.on_ground_fs":false
            },
            "3":{
                "target.alert.flight_status":true,
                "target.special_position_indicator_fs":false,
                "target.on_ground_fs":true
            },
            "4":{
                "target.alert.flight_status":true,
                "target.special_position_indicator_fs":true
            },
            "5":{
                "target.alert.flight_status":false,
                "target.special_position_indicator_fs":true
            }
        },
        "MSSC":{
            "0":{
                "target.capabilities.mode_s_capable":false
            },
            "1":{
                "target.capabilities.mode_s_capable":true
            }
        },
        "ARC":{
            "0":{
                "target.capabilities.altitude_25ft_capable":false
            },
            "1":{
                "target.capabilities.altitude_25ft_capable":true
            }
        },
        "AIC":{
            "0":{
                "target.capabilities.aircraft_id_capability":false
            },
            "1":{
                "target.capabilities.aircraft_id_capability":true
            }
        },
        "B1A":"",
        "B1B":""
    },
    "240":{
        "Aircraft Identification":"identification.target_identification"
    },
    "250":{
        "Mode S MB Data":""
    },
    "260":{
        "MB DATA":""
    }
}
