{
    "010":{
        "SAC":"source.sac",
        "SIC":"source.sic"
    },
    "020":{
        "SSR":{
            "0":{
                "target_report.mlat.non_mode_s":false
            },
            "1":{
                "target_report.mlat.non_mode_s":true
            }
        },
        "MS":{
            "0":{
                "target_report.mlat.mode_s":false
            },
            "1":{
                "target_report.mlat.mode_s":true
            }
        },
        "HF":"",
        "VDL4":"",
        "UAT":"",
        "DME":"",
        "OT":"",
        "RAB":{
            "0":{
                "target_report.fixed_transponder":false
            },
            "1":{
                "target_report.fixed_transponder":true
            }
        },
        "SPI":{
            "0":{
                "target.special_position_indicator":false
            },
            "1":{
                "target.special_position_indicator":true
            }
        },
        "CHN":{
            "0":{
                "target_report.chain":false
            },
            "1":{
                "target_report.chain":true
            }
        },
        "GBS":{
            "0":{
                "target.on_ground":false
            },
            "1":{
                "target.on_ground":true
            }
        },
        "CRT":{
            "0":{
                "target_report.mlat.corrupted":false
            },
            "1":{
                "target_report.mlat.corrupted":true
            }
        },
        "SIM":{
            "0":{
                "target_report.simulated":false
            },
            "1":{
                "target_report.simulated":true
            }
        },
        "TST":{
            "0":{
                "target_report.test":false
            },
            "1":{
                "target_report.test":true
            }
        }
    },
    "030":{
        "Warning/Error Conditions":"target.alert.codes"
    },
    "041":{
        "Latitude":"planar.geodetic.position.latitude",
        "Longitude":"planar.geodetic.position.longitude"
    },
    "042":{
        "X":"planar.cartesian.position.x",
        "Y":"planar.cartesian.position.y"
    },
    "050":{
        "V":"",
        "G":"",
        "L":"",
        "Mode-2 reply":""
    },
    "055":{
        "V":"",
        "G":"",
        "L":"",
        "Mode-1 Code":""
    },
    "070":{
        "V":{
            "0":{
                "identification.mode_3a.valid":true
            },
            "1":{
                "identification.mode_3a.valid":false
            }
        },
        "G":{
            "0":{
                "identification.mode_3a.garbled":false
            },
            "1":{
                "identification.mode_3a.garbled":true
            }
        },
        "L":{
            "0":{
                "identification.mode_3a.smoothed":false
            },
            "1":{
                "identification.mode_3a.smoothed":true
            }
        },
        "Mode-3/A code":"identification.mode_3a.code"
    },
    "090":{
        "V":{
            "0":{
                "vertical.flight_level.measured.valid":true
            },
            "1":{
                "vertical.flight_level.measured.valid":false
            }
        },
        "G":{
            "0":{
                "vertical.flight_level.measured.garbled":false
            },
            "1":{
                "vertical.flight_level.measured.garbled":true
            }
        },
        "Flight Level":"vertical.flight_level.measured.value"
    },
    "100":{
        "V":{
            "0":{
                "vertical.mode_c.valid":true
            },
            "1":{
                "vertical.mode_c.valid":false
            }
        },
        "G":{
            "0":{
                "vertical.mode_c.garbled":false
            },
            "1":{
                "vertical.mode_c.garbled":true
            }
        },
        "Mode-C reply":"vertical.mode_c.code",
        "QXi":"vertical.mode_c.pulse_quality"
    },
    "105":{
        "Geometric Height":"vertical.altitude.value"
    },
    "110":{
        "Measured Height":"vertical.height"
    },
    "140":{
        "Time of Day":"time_of_day"
    },
    "161":{
        "Track Number":"track.number"
    },
    "170":{
        "CND":{
            "0":{
                "track.status.tentative":false
            },
            "1":{
                "track.status.tentative":true
            }
        },
        "TRE":{
            "0":{
                "track.status.end":false
            },
            "1":{
                "track.status.end":true
            }
        },
        "CST":{
            "0":{
                "track.status.coasting":false
            },
            "1":{
                "track.status.coasting":true
            }
        },
        "CDM":"target.movement.climb_descent",
        "MAH":{
            "0":{
                "target.movement.horizontal_manoeuvre":false
            },
            "1":{
                "target.movement.horizontal_manoeuvre":true
            }
        },
        "STH":{
            "0":{
                "track.smoothed":false
            },
            "1":{
                "track.smoothed":true
            }
        },
        "GHO":{
            "0":{
                "track.confidence.ghost":false
            },
            "1":{
                "track.confidence.ghost":true
            }
        }
    },
    "202":{
        "Vx":"planar.cartesian.speed.x",
        "Vy":"planar.cartesian.speed.y"
    },
    "210":{
        "Ax":"planar.cartesian.acceleration.x",
        "Ay":"planar.cartesian.acceleration.y"
    },
    "220":{
        "Target Address":"identification.target_address"
    },
    "230":{
        "COM":"target.capabilities.comm_capability",
        "STAT":{
            "0":{
                "target.alert.flight_status":false,
                "target.special_position_indicator_fs":false,
                "target.on_ground_fs":false
            },
            "1":{
                "target.alert.flight_status":false,
                "target.special_position_indicator_fs":false,
                "target.on_ground_fs":true
            },
            "2":{
                "target.alert.flight_status":true,
                "target.special_position_indicator_fs":false,
                "target.on_ground_fs":false
            },
            "3":{
                "target.alert.flight_status":true,
                "target.special_position_indicator_fs":false,
                "target.on_ground_fs":true
            },
            "4":{
                "target.alert.flight_status":true,
                "target.special_position_indicator_fs":true
            },
            "5":{
                "target.alert.flight_status":false,
                "target.special_position_indicator_fs":true
            }
        },
        "MSSC":{
            "0":{
                "target.capabilities.mode_s_capable":false
            },
            "1":{
                "target.capabilities.mode_s_capable":true
            }
        },
        "ARC":{
            "0":{
                "target.capabilities.altitude_25ft_capable":false
            },
            "1":{
                "target.capabilities.altitude_25ft_capable":true
            }
        },
        "AIC":{
            "0":{
                "target.capabilities.aircraft_id_capability":false
            },
            "1":{
                "target.capabilities.aircraft_id_capability":true
            }
        },
        "B1A":"",
        "B1B":""
    },
    "245":{
        "STI":"identification.target_identification_source",
        "Target Identification":"identification.target_identification"
    },
    "250":{
        "Mode S MB Data":""
    },
    "260":{
        "MB DATA":""
    },
    "300":{
        "VFI":"target.type.vehicle_fleet"
    },
    "310":{
        "TRB":{
            "0":{
                "target.vehicle.troubled":false
            },
            "1":{
                "target.vehicle.troubled":true
            }
        },
        "MSG":"target.vehicle.message_type"
    },
    "400":{
        "Contributing Receivers":"target_report.mlat.contributors"
    },
    "500":{
        "DOP-x":"planar.cartesian.position.dop.x",
        "DOP-y":"planar.cartesian.position.dop.y",
        "DOP-xy":"planar.cartesian.position.dop.xy_cov",
        "sigma-x":"planar.cartesian.position.x_stddev",
        "sigma-y":"planar.cartesian.position.y_stddev",
        "rho-xy":"planar.cartesian.position.xy_cov",
        "sigma-gh":"vertical.altitude.stddev"
    }
}
