{
    "010":{
        "SAC":"source.sac",
        "SIC":"source.sic"
    },
    "015":{
        "Service Identification":"source.service_id"
    },
    "040":{
        "Track Number":"track.number"
    },
    "060":{
        "CH":{
            "0":{
                "identification.mode_3a.changed":false
            },
            "1":{
                "identification.mode_3a.changed":true
            }
        },
        "Mode-3/A reply":"identification.mode_3a.code"
    },
    "030":{
        "Time Of Track Information":"time_of_day"
    },
    "080":{
        "MON":{
            "0":{
                "track.is_monosensor":false
            },
            "1":{
                "track.is_monosensor":true
            }
        },
        "SPI":{
            "0":{
                "target.special_position_indicator":false
            },
            "1":{
                "target.special_position_indicator":true
            }
        },
        "MRH":{
            "0":{
                "vertical.altitude.most_reliable":false
            },
            "1":{
                "vertical.altitude.most_reliable":true
            }
        },
        "SRC":"vertical.altitude.source",
        "CNF":{
            "0":{
                "track.status.tentative":false
            },
            "1":{
                "track.status.tentative":true
            }
        },
        "SIM":{
            "0":{
                "target_report.simulated":false
            },
            "1":{
                "target_report.simulated":true
            }
        },
        "TSE":{
            "0":{
                "track.status.end":false
            },
            "1":{
                "track.status.end":true
            }
        },
        "TSB":{
            "0":{
                "track.status.begin":false
            },
            "1":{
                "track.status.begin":true
            }
        },
        "FPC":{
            "0":{
                "track.correlation.is_correlated":false
            },
            "1":{
                "track.correlation.is_correlated":true
            }
        },
        "AFF":{
            "0":{
                "target_report.adsb_inconsistent":false
            },
            "1":{
                "target_report.adsb_inconsistent":true
            }
        },
        "AMA":{
            "0":{
                "track.is_fused":false
            },
            "1":{
                "track.is_fused":true
            }
        },
        "ME":{
            "0":{
                "target.alert.military_emergency":false
            },
            "1":{
                "target.alert.military_emergency":true
            }
        },
        "MI":{
            "0":{
                "target.type.is_military":false
            },
            "1":{
                "target.type.is_military":true
            }
        },
        "CST":{
            "0":{
                "track.status.coasting":false
            },
            "1":{
                "track.status.coasting":true
            }
        },
        "PSR":{
            "0":{
                "track.update_ages.sensor.psr_coasting":false
            },
            "1":{
                "track.update_ages.sensor.psr_coasting":true
            }
        },
        "SSR":{
            "0":{
                "track.update_ages.sensor.ssr_coasting":false
            },
            "1":{
                "track.update_ages.sensor.ssr_coasting":true
            }
        },
        "MDS":{
            "0":{
                "track.update_ages.sensor.mode_s_coasting":false
            },
            "1":{
                "track.update_ages.sensor.mode_s_coasting":true
            }
        },
        "ADS":{
            "0":{
                "track.update_ages.sensor.adsb_coasting":false
            },
            "1":{
                "track.update_ages.sensor.adsb_coasting":true
            }
        },
        "SUC":{
            "0":{
                "identification.mode_3a.special_code":false
            },
            "1":{
                "identification.mode_3a.special_code":true
            }
        },
        "AAC":{
            "0":{
                "identification.mode_3a.conflict":false
            },
            "1":{
                "identification.mode_3a.conflict":true
            }
        }
    },
    "100":{
        "X":"planar.cartesian.position.x",
        "Y":"planar.cartesian.position.y"
    },
    "105":{
        "Latitude":"planar.geodetic.position.latitude",
        "Longitude":"planar.geodetic.position.longitude"
    },
    "130":{
        "Altitude":"vertical.altitude.value"
    },
    "135":{
        "QNH":{
            "0":{
                "vertical.flight_level.calculated.qnh_corrected":false
            },
            "1":{
                "vertical.flight_level.calculated.qnh_corrected":true
            }
        },
        "Calculated Track Barometric Altitude":"vertical.flight_level.calculated.value"
    },
    "136":{
        "Measured Flight Level":"vertical.flight_level.measured.value"
    },
    "185":{
        "Vx":"planar.cartesian.speed.x",
        "Vy":"planar.cartesian.speed.y"
    },
    "200":{
        "TRANS":"target.movement.transversal",
        "LONG":"target.movement.longitudinal",
        "VERT":"target.movement.vertical",
        "ADF":{
            "0":{
                "target_report.altitude_discrepancy":false
            },
            "1":{
                "target_report.altitude_discrepancy":true
            }
        },
        "210":{
            "Ax":"planar.cartesian.acceleration.x",
            "Ay":"planar.cartesian.acceleration.y"
        },
        "220":{
            "Rate of Climb/Descent":"vertical.flight_level.calculated.climbing_rate"
        },
        "245":{
            "STI":"identification.target_identification_source",
            "Target Identification":"identification.target_identification"
        },
        "270":{
            "LENGTH":"target.dimension.length",
            "ORIENTATION":"planar.heading.value",
            "WIDTH":"target.dimension.width"
        },
        "290":{
            "TRK":"track.status.track_age",
            "PSR":"track.update_ages.sensor.psr",
            "SSR":"track.update_ages.sensor.ssr",
            "MDS":"track.update_ages.sensor.mode_s",
            "LOP":"track.update_ages.sensor.loop",
            "MLT":"track.update_ages.sensor.mlat"
        },
        "295":{
            "MFL":{
                "Age":"time_stamped.age_flight_level"
            },
            "MDA":{
                "Age":"time_stamped.age_mode_3a_code"
            },
            "MHG":{
                "Age":"time_stamped.aircraft_derived.age_magnetic_heading"
            },
            "TAS":{
                "Age":"time_stamped.aircraft_derived.age_true_airspeed"
            },
            "COM":{
                "Age":"time_stamped.aircraft_derived.age_cap_and_fs"
            },
            "SAB":{
                "Age":"time_stamped.aircraft_derived.age_status_adsb"
            },
            "BVR":{
                "Age":"time_stamped.aircraft_derived.age_barometric_vertical_rate"
            },
            "GVR":{
                "Age":"time_stamped.aircraft_derived.age_geometric_vertical_rate"
            },
            "RAN":{
                "Age":"time_stamped.aircraft_derived.age_roll_angle"
            },
            "TAR":{
                "Age":"time_stamped.aircraft_derived.age_track_angle_rate"
            },
            "TAN":{
                "Age":"time_stamped.aircraft_derived.age_track_angle"
            },
            "GSP":{
                "Age":"time_stamped.aircraft_derived.age_ground_speed"
            },
            "EMC":{
                "Age":"time_stamped.aircraft_derived.age_emitter_category"
            },
            "POS":{
                "Age":"ttime_stamped.aircraft_derived.age_geodetic_position"
            },
            "GAL":{
                "Age":"time_stamped.aircraft_derived.age_geometric_altitude"
            },
            "IAR":{
                "Age":"time_stamped.aircraft_derived.age_indicated_airspeed"
            }
        },
        "300":{
            "VFI":"target.type.vehicle_fleet"
        },
        "340":{
            "SID":{
                "SAC":"track.last_update.sac",
                "SIC":"track.last_update.sic"
            },
            "POS":{
                "RHO":"track.last_update.range",
                "THETA":"track.last_update.azimuth"
            },
            "HEI":{
                "HEIGHT":"track.last_update.height"
            },
            "MDC":{
                "V":{
                    "0":{
                        "track.last_update.mode_c_valid":true
                    },
                    "1":{
                        "track.last_update.mode_c_valid":false
                    }
                },
                "G":{
                    "0":{
                        "track.last_update.mode_c_garbled":false
                    },
                    "1":{
                        "track.last_update.mode_c_garbled":true
                    }
                },
                "Last Measured Mode C Code":"track.last_update.mode_c_value"
            },
            "MDA":{
                "V":{
                    "0":{
                        "track.last_update.mode_3a_valid":true
                    },
                    "1":{
                        "track.last_update.mode_3a_valid":false
                    }
                },
                "G":{
                    "0":{
                        "track.last_update.mode_3a_garbled":false
                    },
                    "1":{
                        "track.last_update.mode_3a_garbled":true
                    }
                },
                "L":{
                    "0":{
                        "track.last_update.mode_3a_smoothed":false
                    },
                    "1":{
                        "track.last_update.mode_3a_smoothed":true
                    }
                },
                "Mode-3/A reply":"track.last_update.mode_3a_value"
            },
            "TYP":{
                "TYP":"track.last_update.target_report_type",
                "SIM":{
                    "0":{
                        "track.last_update.simulated":false
                    },
                    "1":{
                        "track.last_update.simulated":true
                    }
                },
                "RAB":{
                    "0":{
                        "track.last_update.fixed_transponder":false
                    },
                    "1":{
                        "track.last_update.fixed_transponder":true
                    }
                },
                "TST":{
                    "0":{
                        "track.last_update.test":false
                    },
                    "1":{
                        "track.last_update.test":true
                    }
                }
            }
        },
        "380":{
            "ADR":{
                "Target Address":"identification.target_address"
            },
            "ID":{
                "Target Identification":"identification.target_identification"
            },
            "MHG":{
                "Magnetic Heading":"time_stamped.aircraft_derived.magnetic_heading"
            },
            "TAS":{
                "True Airspeed":"time_stamped.aircraft_derived.true_airspeed"
            },
            "COM":{
                "COM":"time_stamped.aircraft_derived.cap_and_fs.comm_capability",
                "STAT":{
                    "0":{
                        "target.alert.flight_status":false,
                        "target.special_position_indicator_fs":false,
                        "target.on_ground_fs":false
                    },
                    "1":{
                        "target.alert.flight_status":false,
                        "target.special_position_indicator_fs":false,
                        "target.on_ground_fs":true
                    },
                    "2":{
                        "target.alert.flight_status":true,
                        "target.special_position_indicator_fs":false,
                        "target.on_ground_fs":false
                    },
                    "3":{
                        "target.alert.flight_status":true,
                        "target.special_position_indicator_fs":false,
                        "target.on_ground_fs":true
                    },
                    "4":{
                        "target.alert.flight_status":true,
                        "target.special_position_indicator_fs":true
                    },
                    "5":{
                        "target.alert.flight_status":false,
                        "target.special_position_indicator_fs":true
                    }
                },
                "ARC":{
                    "0":{
                        "time_stamped.aircraft_derived.cap_and_fs.altitude_25ft_capable":false
                    },
                    "1":{
                        "time_stamped.aircraft_derived.cap_and_fs.altitude_25ft_capable":true
                    }
                },
                "AIC":{
                    "0":{
                        "time_stamped.aircraft_derived.cap_and_fs.aircraft_id_capability":false
                    },
                    "1":{
                        "time_stamped.aircraft_derived.cap_and_fs.aircraft_id_capability":true
                    }
                }
            },
            "SAB":{
                "DC":{
                    "1":{
                        "time_stamped.aircraft_derived.status_adsb.differential_correction":true
                    },
                    "2":{
                        "time_stamped.aircraft_derived.status_adsb.differential_correction":false
                    }
                },
                "GBS":{
                    "0":{
                        "time_stamped.aircraft_derived.status_adsb.on_ground":false
                    },
                    "1":{
                        "time_stamped.aircraft_derived.status_adsb.on_ground":true
                    }
                },
                "STAT":"time_stamped.aircraft_derived.status_adsb.emergency_flight"
            }
        },
        "BVR":{
            "Barometric Vertical Rate":"time_stamped.aircraft_derived.barometric_vertical_rate"
        },
        "GVR":{
            "Geometric Vertical Rate":"time_stamped.aircraft_derived.geometric_vertical_rate"
        },
        "RAN":{
            "Roll Angle":"time_stamped.aircraft_derived.roll_angle"
        },
        "TAR":{
            "TI":"time_stamped.aircraft_derived.track_angle_rate.turn_indicator",
            "Rate of Turn":"time_stamped.aircraft_derived.track_angle_rate.turn_rate"
        },
        "TAN":{
            "Track Angle":"time_stamped.aircraft_derived.track_angle"
        },
        "GSP":{
            "Ground Speed":"time_stamped.aircraft_derived.ground_speed"
        },
        "EMC":{
            "ECAT":"time_stamped.aircraft_derived.emitter_category"
        },
        "POS":{
            "Latitude":"time_stamped.aircraft_derived.geodetic_position.latitude",
            "Longitude":"time_stamped.aircraft_derived.geodetic_position.longitude"
        },
        "GAL":{
            "Geometric Altitude":"time_stamped.aircraft_derived.altitude"
        },
        "IAR":{
            "Indicated Air Speed":"time_stamped.aircraft_derived.indicated_airspeed"
        }
    },
    "390":{
        "TAG":{
            "SAC":"",
            "SIC":""
        },
        "ID":{
            "ID":"flight_plan.call_sign"
        },
        "IFI":{
            "TYP":"flight_plan.flight_id_type",
            "NBR":"flight_plan.flight_id_number"
        },
        "FCT":{
            "GAT/OAT":"flight_plan.air_traffic_type",
            "FR1/FR2":"flight_plan.flight_rules_type",
            "RVSM":"flight_plan.reduced_vertical_separation",
            "HPR":{
                "0":{
                    "flight_plan.priority_flight":false
                },
                "1":{
                    "flight_plan.priority_flight":true
                }
            }
        },
        "TAC":{
            "Type of Aircraft":"flight_plan.aircraft_type"
        },
        "WTC":{
            "Wake Turbulence Category":"flight_plan.wtc"
        },
        "DEP":{
            "Departure Airport":"flight_plan.adep"
        },
        "DST":{
            "Destination Airport":"flight_plan.ades"
        },
        "RDS":{
            "NU1":"",
            "NU2":"",
            "LTR":""
        },
        "CFL":{
            "CFL":"flight_plan.cleared_flight_level"
        },
        "TOD":{
            "TYP":"flight_plan.event.time_event_type",
            "DAY":"flight_plan.event.day_relative",
            "HOR":"",
            "MIN":"",
            "AVS":"",
            "SEC":""
        },
        "AST":{
            "Aircraft Stand":"flight_plan.stand.name"
        },
        "STS":{
            "EMP":{
                "0":{
                    "flight_plan.stand.occupied":false
                },
                "1":{
                    "flight_plan.stand.occupied":true
                }
            },
            "AVL":{
                "0":{
                    "flight_plan.stand.available":true
                },
                "1":{
                    "flight_plan.stand.available":false
                }
            }
        },
        "STD":{
            "Standard Instrument Departure":"flight_plan.sid"
        },
        "STA":{
            "Standard Instrument Arrival":"flight_plan.sia"
        },
        "PEM":{
            "VA":{
                "0":{
                    "flight_plan.emergency.original_mode_3a_valid":false
                },
                "1":{
                    "flight_plan.emergency.original_mode_3a_valid":true
                }
            },
            "Mode-3/A reply":"flight_plan.emergency.original_mode_3a_value"
        },
        "PEC":{
            "Pre-Emergency Callsign":"flight_plan.emergency.original_call_sign"
        }
    },
    "500":{
        "APC":{
            "APC (X-Component)":"planar.cartesian.position.x_stddev",
            "APC (Y-Component)":"planar.cartesian.position.y_stddev"
        },
        "COV":{
            "COV (XY Covariance Component)":"planar.cartesian.position.xy_cov"
        },
        "APW":{
            "APW (Latitude Component)":"planar.geodetic.position.latitude_stddev",
            "APW (Longitude Component)":"planar.geodetic.position.longitude_stddev"
        },
        "AGA":{
            "AGA":"vertical.altitude.stddev"
        },
        "ABA":{
            "ABA":"vertical.flight_level.calculated.stddev"
        },
        "ATV":{
            "ATV (X-Component)":"planar.cartesian.speed.x_stddev",
            "ATV (Y-Component)":"planar.cartesian.speed.y_stddev"
        },
        "AA":{
            "AA (X-Component)":"planar.cartesian.acceleration.x_stddev",
            "AA (Y-Component)":"planar.cartesian.acceleration.y_stddev"
        },
        "ARC":{
            "ARC":"vertical.flight_level.calculated.climbing_rate_stddev"
        }
    }
}
