{
    "001":{
        "comment":"Category 001 Transmission of Monoradar Data Target Reports",
        "default_edition":"1.1",
        "default_mapping":"",
        "editions":{
            "1.1":{
                "document":"SUR.ET1.ST05.2000-STD-02a-01",
                "date":"August 2002",
                "file":"001/cat001_1.1.json"
            }
        },
        "mappings":{
        }
    },
    "002":{
        "comment":"Category 002 Transmission of Monoradar Service Messages",
        "default_edition":"1.0",
        "default_mapping":"",
        "editions":{
            "1.0":{
                "document":"SUR.ET1.ST05.2000-STD-02b-01",
                "date":"November 1997",
                "file":"002/cat002_1.0.json"
            }
        },
        "mappings":{
        }
    },
    "019":{
        "comment":"Category 019 Multilateration System Status Messages",
        "default_edition":"1.3",
        "default_mapping":"",
        "editions":{
            "1.2":{
                "document":"SUR.ET1.ST05.2000-STD-18-02",
                "date":"August 2009",
                "file":"019/cat019_1.2.json"
            },        
            "1.3":{
                "document":"SUR.ET1.ST05.2000-STD-18-02",
                "date":"December 2010",
                "file":"019/cat019_1.3.json",
                "comment":"Same as 1.2"
            }
        },
        "mappings":{
        }
    },
    "020":{
        "comment":"Category 020 Multilateration Target Reports",
        "default_edition":"1.8",
        "default_ref_edition":"1.3",
        "default_mapping":"",
        "editions":{
            "1.5":{
                "document":"SUR.ET1.ST05.2000-STD-14-02",
                "date":"April 2008",
                "file":"020/cat020_1.5.json"
            },
            "1.8":{
                "document":"SUR.ET1.ST05.2000-STD-14-02",
                "date":"December 2010",
                "file":"020/cat020_1.5.json",
                "comment":"Same as 1.5"
            }
        },
        "ref_editions":{
            "1.3":{
                "document":"EUROCONTROL-SPEC-0149-14A",
                "date":"24/10/2016",
                "file":"020/cat020_ref_1.3.json"
            }
        },
        "mappings":{
            "1.0":{
                "comment":"conversion to general format 1.0",
                "file":"020/cat020_1.5_mapping.json"
            }
        }
    },
    "021":{
        "comment":"Category 021 ADS-B Reports",
        "default_edition":"2.1",
        "default_mapping":"",
        "editions":{
            "2.1":{
                "document":"SUR.ET1.ST05.2000-STD-12-01",
                "date":"May 2011",
                "file":"021/cat021_2.1.json"
            }
        },
        "mappings":{
            "1.0":{
                "comment":"conversion to general format 1.0",
                "file":"021/cat021_2.1_mapping.json"
                
            }
        }
    },
    "023":{
        "comment":"Category 023 CNS/ATM Ground Station and Service Status Reports",
        "default_edition":"1.2",
        "default_mapping":"",
        "editions":{
            "1.2":{
                "document":"SUR.ET1.ST05.2000-STD-16-01",
                "date":"March 2009",
                "file":"023/cat023_1.2.json"
            }
        },
        "mappings":{
        }
    },
    "034":{
        "comment":"Category 034 Transmission of Monoradar Service Messages",
        "default_edition":"1.26",
        "default_mapping":"",
        "editions":{
            "1.26":{
                "document":"SUR.ET1.ST05.2000-STD-02b-01",
                "date":"November 2000",
                "file":"034/cat034_1.26.json"
            }
        },
        "mappings":{
        }
    },
    "048":{
        "comment":"Category 048 Transmission of Monoradar Target Reports",
        "default_edition":"1.15",
        "default_mapping":"",
        "editions":{
            "1.15":{
                "document":"SUR.ET1.ST05.2000-STD-04-01",
                "date":"April 2007",
                "file":"048/cat048_1.15.json"
            }
        },
        "mappings":{
            "1.0":{
                "comment":"conversion to general format 1.0",
                "file":"048/cat048_1.15_mapping.json"
            }
        }
    },
    "062":{
        "comment":"Category 062 SURVEILLANCE DATA EXCHANGE SDPS Track Messages",
        "default_edition":"1.16",
        "default_spf_edition":"ARTAS",
        "default_mapping":"",
        "editions":{
            "1.12":{
                "document":"SUR.ET1.ST05.2000-STD-09-01",
                "date":"September 2010",
                "file":"062/cat062_1.12.json"
            },
            "1.16":{
                "document":"SUR.ET1.ST05.2000-STD-09-01",
                "date":"July 2012",
                "file":"062/cat062_1.16.json"
            }
        },
        "spf_editions":{
            "ARTAS":{
                "document":"SDIS/SUR/ARTAS/ASTX.015",
                "date":"06/01/2009",
                "file":"062/cat062_spf_artas.json"
            }
        },
        "mappings":{
            "1.0":{
                    "comment":"conversion to general format 1.0",
                    "file":"062/cat062_1.12_mapping.json"
                }
        }
    },
    "063":{
        "comment":"Category 063 Sensor Status Messages",
        "default_edition":"1.0",
        "default_mapping":"",
        "editions":{
            "1.0":{
                "document":"SUR.ET1.ST05.2000-STD-10-01",
                "date":"March 2004",
                "file":"063/cat063_1.0.json"
            },
            "1.1":{
                "document":"SUR.ET1.ST05.2000-STD-10-01",
                "date":"March 2005",
                "file":"063/cat063_1.1.json",
                "comment":"Same as 1.0"
            }
        },
        "mappings":{
        }
    },
    "065":{
        "comment":"Category 065 SDPS Service Status Messages",
        "default_edition":"1.3",
        "default_mapping":"",
        "editions":{
            "1.2":{
                "document":"SUR.ET1.ST05.2000-STD-15-01",
                "date":"March 2005",
                "file":"065/cat065_1.2.json"
            },
            "1.3":{
                "document":"SUR.ET1.ST05.2000-STD-15-01",
                "date":"April 2007",
                "file":"065/cat065_1.3.json",
                "comment":"Same as 1.2"
            }
        },
        "mappings":{
        }
    }
}
