{
    "name":"rff",
    "frame_items":[
        {
            "name":"length",
            "type":"fixed_bytes",
            "length":2,
            "data_type":"uint"
        },
        {
            "name":"unknown",
            "type":"skip_bytes",
            "length":1
        },
        {
            "name":"board_number",
            "type":"fixed_bytes",
            "length":1,
            "data_type":"uint"
        },
        {
            "name":"recording_day",
            "type":"fixed_bytes",
            "length":1,
            "data_type":"uint"
        },
        {
            "name":"time_ms",
            "type":"fixed_bytes",
            "length":3,
            "data_type":"uint",
            "lsb":0.01
        },
        {
            "name":"content",
            "type":"dynamic_bytes",
            "length_variable":"length",
            "substract_previous":true,
            "additative_factor":-4
        },
        {
            "name":"padding",
            "type":"fixed_bytes",
            "length":4,
            "data_type":"uint"
        }
    ]
}
