{
    "name":"rff",
    "file_header_items":[
        {
            "name":"start_datetime",
            "type":"fixed_bytes",
            "length":20,
            "data_type":"string"
        },
        {
            "name":"end_datetime",
            "type":"fixed_bytes",
            "length":20,
            "data_type":"string"
        },
        {
            "name":"unknown",
            "type":"skip_bytes",
            "length":88
        }
    ],
    "frame_items":[
        {
            "name":"frame_relative_time_ms",
            "type":"fixed_bytes",
            "length":4,
            "data_type":"uint"
        },
        {
            "name":"frame_length",
            "type":"fixed_bytes",
            "reverse_bytes":true,
            "length":2,
            "data_type":"uint"
        },
        {
            "name":"content",
            "type":"dynamic_bytes",
            "length_variable":"frame_length"
        }
    ]
}
