<?xml version="1.0"?>
<doc>
    <assembly>
        <name>GMap.NET.WindowsForms</name>
    </assembly>
    <members>
        <member name="T:GMap.NET.WindowsForms.GMapControl">
            <summary>
            GMap.NET control for Windows Forms
            </summary>   
        </member>
        <member name="F:GMap.NET.WindowsForms.GMapControl.Overlays">
            <summary>
            list of overlays, should be thread safe
            </summary>
        </member>
        <member name="F:GMap.NET.WindowsForms.GMapControl.EmptyTileText">
            <summary>
            text on empty tiles
            </summary>
        </member>
        <member name="F:GMap.NET.WindowsForms.GMapControl.EmptyTileBorders">
            <summary>
            pen for empty tile borders
            </summary>
        </member>
        <member name="F:GMap.NET.WindowsForms.GMapControl.ScalePen">
            <summary>
            pen for scale info
            </summary>
        </member>
        <member name="F:GMap.NET.WindowsForms.GMapControl.SelectionPen">
            <summary>
            area selection pen
            </summary>
        </member>
        <member name="F:GMap.NET.WindowsForms.GMapControl.SelectedAreaFill">
            <summary>
            background of selected area
            </summary>
        </member>
        <member name="F:GMap.NET.WindowsForms.GMapControl.EmptytileBrush">
            <summary>
            pen for empty tile background
            </summary>
        </member>
        <member name="F:GMap.NET.WindowsForms.GMapControl.MapScaleInfoEnabled">
            <summary>
            show map scale info
            </summary>
        </member>
        <member name="F:GMap.NET.WindowsForms.GMapControl.FillEmptyTiles">
            <summary>
            enables filling empty tiles using lower level images
            </summary>
        </member>
        <member name="F:GMap.NET.WindowsForms.GMapControl.DragButton">
            <summary>
            map dragg button
            </summary>
        </member>
        <member name="F:GMap.NET.WindowsForms.GMapControl.selectedArea">
            <summary>
            current selected area in map
            </summary>
        </member>
        <member name="F:GMap.NET.WindowsForms.GMapControl.BoundsOfMap">
            <summary>
            map boundaries
            </summary>
        </member>
        <member name="F:GMap.NET.WindowsForms.GMapControl.ForceDoubleBuffer">
            <summary>
            enables integrated DoubleBuffer for best performance
            if using a lot objets on map or running on windows mobile
            </summary>
        </member>
        <member name="F:GMap.NET.WindowsForms.GMapControl.HoldInvalidation">
            <summary>
            stops immediate marker/route/polygon invalidations;
            call Refresh to perform single refresh and reset invalidation state
            </summary>
        </member>
        <member name="M:GMap.NET.WindowsForms.GMapControl.Refresh">
            <summary>
            call this to stop HoldInvalidation and perform single forced instant refresh 
            </summary>
        </member>
        <member name="M:GMap.NET.WindowsForms.GMapControl.Invalidate">
            <summary>
            enque built-in thread safe invalidation
            </summary>
        </member>
        <member name="M:GMap.NET.WindowsForms.GMapControl.#ctor">
            <summary>
            construct
            </summary>
        </member>
        <member name="M:GMap.NET.WindowsForms.GMapControl.ForceUpdateOverlays">
            <summary>
            update objects when map is draged/zoomed
            </summary>
        </member>
        <member name="M:GMap.NET.WindowsForms.GMapControl.DrawMapGDIplus(System.Drawing.Graphics)">
            <summary>
            render map in GDI+
            </summary>
            <param name="g"></param>
        </member>
        <member name="M:GMap.NET.WindowsForms.GMapControl.UpdateMarkerLocalPosition(GMap.NET.WindowsForms.GMapMarker)">
            <summary>
            updates markers local position
            </summary>
            <param name="marker"></param>
        </member>
        <member name="M:GMap.NET.WindowsForms.GMapControl.UpdateRouteLocalPosition(GMap.NET.WindowsForms.GMapRoute)">
            <summary>
            updates routes local position
            </summary>
            <param name="route"></param>
        </member>
        <member name="M:GMap.NET.WindowsForms.GMapControl.UpdatePolygonLocalPosition(GMap.NET.WindowsForms.GMapPolygon)">
            <summary>
            updates polygons local position
            </summary>
            <param name="polygon"></param>
        </member>
        <member name="M:GMap.NET.WindowsForms.GMapControl.SetZoomToFitRect(GMap.NET.RectLatLng)">
            <summary>
            sets zoom to max to fit rect
            </summary>
            <param name="rect"></param>
            <returns></returns>
        </member>
        <member name="M:GMap.NET.WindowsForms.GMapControl.ZoomAndCenterMarkers(System.String)">
            <summary>
            sets to max zoom to fit all markers and centers them in map
            </summary>
            <param name="overlayId">overlay id or null to check all</param>
            <returns></returns>
        </member>
        <member name="M:GMap.NET.WindowsForms.GMapControl.ZoomAndCenterRoutes(System.String)">
            <summary>
            zooms and centers all route
            </summary>
            <param name="overlayId">overlay id or null to check all</param>
            <returns></returns>
        </member>
        <member name="M:GMap.NET.WindowsForms.GMapControl.ZoomAndCenterRoute(GMap.NET.MapRoute)">
            <summary>
            zooms and centers route 
            </summary>
            <param name="route"></param>
            <returns></returns>
        </member>
        <member name="M:GMap.NET.WindowsForms.GMapControl.GetRectOfAllMarkers(System.String)">
            <summary>
            gets rectangle with all objects inside
            </summary>
            <param name="overlayId">overlay id or null to check all</param>
            <returns></returns>
        </member>
        <member name="M:GMap.NET.WindowsForms.GMapControl.GetRectOfAllRoutes(System.String)">
            <summary>
            gets rectangle with all objects inside
            </summary>
            <param name="overlayId">overlay id or null to check all</param>
            <returns></returns>
        </member>
        <member name="M:GMap.NET.WindowsForms.GMapControl.GetRectOfRoute(GMap.NET.MapRoute)">
            <summary>
            gets rect of route
            </summary>
            <param name="route"></param>
            <returns></returns>
        </member>
        <member name="M:GMap.NET.WindowsForms.GMapControl.ToImage">
            <summary>
            gets image of the current view
            </summary>
            <returns></returns>
        </member>
        <member name="M:GMap.NET.WindowsForms.GMapControl.Offset(System.Int32,System.Int32)">
            <summary>
            offset position in pixels
            </summary>
            <param name="x"></param>
            <param name="y"></param>
        </member>
        <member name="M:GMap.NET.WindowsForms.GMapControl.UpdateRotationMatrix">
            <summary>
            updates rotation matrix
            </summary>
        </member>
        <member name="M:GMap.NET.WindowsForms.GMapControl.OnPaintOverlays(System.Drawing.Graphics)">
            <summary>
            override, to render something more
            </summary>
            <param name="g"></param>
        </member>
        <member name="M:GMap.NET.WindowsForms.GMapControl.ApplyRotationInversion(System.Int32,System.Int32)">
            <summary>
            apply transformation if in rotation mode
            </summary>
        </member>
        <member name="M:GMap.NET.WindowsForms.GMapControl.ApplyRotation(System.Int32,System.Int32)">
            <summary>
            apply transformation if in rotation mode
            </summary>
        </member>
        <member name="F:GMap.NET.WindowsForms.GMapControl.InvertedMouseWheelZooming">
            <summary>
            reverses MouseWheel zooming direction
            </summary>
        </member>
        <member name="F:GMap.NET.WindowsForms.GMapControl.IgnoreMarkerOnMouseWheel">
            <summary>
            lets you zoom by MouseWheel even when pointer is in area of marker
            </summary>
        </member>
        <!-- Badly formed XML comment ignored for member "M:GMap.NET.WindowsForms.GMapControl.ReloadMap" -->
        <member name="M:GMap.NET.WindowsForms.GMapControl.SetCurrentPositionByKeywords(System.String)">
            <summary>
            set current position using keywords
            </summary>
            <param name="keys"></param>
            <returns>true if successfull</returns>
        </member>
        <member name="M:GMap.NET.WindowsForms.GMapControl.FromLocalToLatLng(System.Int32,System.Int32)">
            <summary>
            gets world coordinate from local control coordinate 
            </summary>
            <param name="x"></param>
            <param name="y"></param>
            <returns></returns>
        </member>
        <member name="M:GMap.NET.WindowsForms.GMapControl.FromLatLngToLocal(GMap.NET.PointLatLng)">
            <summary>
            gets local coordinate from world coordinate
            </summary>
            <param name="point"></param>
            <returns></returns>
        </member>
        <member name="M:GMap.NET.WindowsForms.GMapControl.ShowExportDialog">
            <summary>
            shows map db export dialog
            </summary>
            <returns></returns>
        </member>
        <member name="M:GMap.NET.WindowsForms.GMapControl.ShowImportDialog">
            <summary>
            shows map dbimport dialog
            </summary>
            <returns></returns>
        </member>
        <member name="M:GMap.NET.WindowsForms.GMapControl.SerializeOverlays(System.IO.Stream)">
            <summary>
            Serializes the overlays.
            </summary>
            <param name="stream">The stream.</param>
        </member>
        <member name="M:GMap.NET.WindowsForms.GMapControl.DeserializeOverlays(System.IO.Stream)">
            <summary>
            De-serializes the overlays.
            </summary>
            <param name="stream">The stream.</param>
        </member>
        <member name="E:GMap.NET.WindowsForms.GMapControl.OnMarkerClick">
            <summary>
            occurs when clicked on marker
            </summary>
        </member>
        <member name="E:GMap.NET.WindowsForms.GMapControl.OnMarkerEnter">
            <summary>
            occurs on mouse enters marker area
            </summary>
        </member>
        <member name="E:GMap.NET.WindowsForms.GMapControl.OnMarkerLeave">
            <summary>
            occurs on mouse leaves marker area
            </summary>
        </member>
        <member name="P:GMap.NET.WindowsForms.GMapControl.MaxZoom">
            <summary>
            max zoom
            </summary>         
        </member>
        <member name="P:GMap.NET.WindowsForms.GMapControl.MinZoom">
            <summary>
            min zoom
            </summary>      
        </member>
        <member name="P:GMap.NET.WindowsForms.GMapControl.MouseWheelZoomType">
            <summary>
            map zooming type for mouse wheel
            </summary>
        </member>
        <member name="P:GMap.NET.WindowsForms.GMapControl.RetryLoadTile">
            <summary>
            retry count to get tile 
            </summary>
        </member>
        <member name="P:GMap.NET.WindowsForms.GMapControl.LevelsKeepInMemmory">
            <summary>
            how many levels of tiles are staying decompresed in memory
            </summary>
        </member>
        <member name="P:GMap.NET.WindowsForms.GMapControl.ShowTileGridLines">
            <summary>
            shows tile gridlines
            </summary>
        </member>
        <member name="P:GMap.NET.WindowsForms.GMapControl.IsRotated">
            <summary>
            returs true if map bearing is not zero
            </summary>    
        </member>
        <member name="P:GMap.NET.WindowsForms.GMapControl.Bearing">
            <summary>
            bearing for rotation of the map
            </summary>
        </member>
        <member name="P:GMap.NET.WindowsForms.GMapControl.VirtualSizeEnabled">
            <summary>
            shrinks map area, useful just for testing
            </summary>
        </member>
        <member name="P:GMap.NET.WindowsForms.GMapControl.ZoomStep">
            <summary>
            map zoom level
            </summary>
        </member>
        <member name="P:GMap.NET.WindowsForms.GMapControl.Position">
            <summary>
            current map center position
            </summary>
        </member>
        <member name="P:GMap.NET.WindowsForms.GMapControl.CurrentPositionGPixel">
            <summary>
            current marker position in pixel coordinates
            </summary>
        </member>
        <member name="P:GMap.NET.WindowsForms.GMapControl.CacheLocation">
            <summary>
            location of cache
            </summary>
        </member>
        <member name="P:GMap.NET.WindowsForms.GMapControl.IsDragging">
            <summary>
            is user dragging map
            </summary>
        </member>
        <member name="P:GMap.NET.WindowsForms.GMapControl.IsMouseOverMarker">
            <summary>
            is mouse over marker
            </summary>
        </member>
        <member name="P:GMap.NET.WindowsForms.GMapControl.CurrentViewArea">
            <summary>
            gets current map view top/left coordinate, width in Lng, height in Lat
            </summary>
        </member>
        <member name="P:GMap.NET.WindowsForms.GMapControl.RoutesEnabled">
            <summary>
            is routes enabled
            </summary>
        </member>
        <member name="P:GMap.NET.WindowsForms.GMapControl.PolygonsEnabled">
            <summary>
            is polygons enabled
            </summary>
        </member>
        <member name="P:GMap.NET.WindowsForms.GMapControl.MarkersEnabled">
            <summary>
            is markers enabled
            </summary>
        </member>
        <member name="P:GMap.NET.WindowsForms.GMapControl.CanDragMap">
            <summary>
            can user drag map
            </summary>
        </member>
        <member name="P:GMap.NET.WindowsForms.GMapControl.RenderMode">
            <summary>
            map render mode
            </summary>
        </member>
        <member name="P:GMap.NET.WindowsForms.GMapControl.Manager">
            <summary>
            gets map manager
            </summary>
        </member>
        <member name="E:GMap.NET.WindowsForms.GMapControl.OnPositionChanged">
            <summary>
            occurs when current position is changed
            </summary>
        </member>
        <member name="E:GMap.NET.WindowsForms.GMapControl.OnTileLoadComplete">
            <summary>
            occurs when tile set load is complete
            </summary>
        </member>
        <member name="E:GMap.NET.WindowsForms.GMapControl.OnTileLoadStart">
            <summary>
            occurs when tile set is starting to load
            </summary>
        </member>
        <member name="E:GMap.NET.WindowsForms.GMapControl.OnMapDrag">
            <summary>
            occurs on map drag
            </summary>
        </member>
        <member name="E:GMap.NET.WindowsForms.GMapControl.OnMapZoomChanged">
            <summary>
            occurs on map zoom changed
            </summary>
        </member>
        <member name="E:GMap.NET.WindowsForms.GMapControl.OnMapTypeChanged">
            <summary>
            occures on map type changed
            </summary>
        </member>
        <member name="E:GMap.NET.WindowsForms.GMapControl.OnEmptyTileError">
            <summary>
            occurs on empty tile displayed
            </summary>
        </member>
        <member name="T:GMap.NET.WindowsForms.GMapMarker">
            <summary>
            GMap.NET marker
            </summary>
        </member>
        <member name="F:GMap.NET.WindowsForms.GMapMarker.DisableRegionCheck">
            <summary>
            if true, marker will be rendered even if it's outside current view
            </summary>
        </member>
        <member name="F:GMap.NET.WindowsForms.GMapMarker.IsHitTestVisible">
            <summary>
            can maker receive input
            </summary>
        </member>
        <member name="M:GMap.NET.WindowsForms.GMapMarker.GetObjectData(System.Runtime.Serialization.SerializationInfo,System.Runtime.Serialization.StreamingContext)">
            <summary>
            Populates a <see cref="T:System.Runtime.Serialization.SerializationInfo"/> with the data needed to serialize the target object.
            </summary>
            <param name="info">The <see cref="T:System.Runtime.Serialization.SerializationInfo"/> to populate with data.</param>
            <param name="context">The destination (see <see cref="T:System.Runtime.Serialization.StreamingContext"/>) for this serialization.</param>
            <exception cref="T:System.Security.SecurityException">
            The caller does not have the required permission.
            </exception>
        </member>
        <member name="M:GMap.NET.WindowsForms.GMapMarker.#ctor(System.Runtime.Serialization.SerializationInfo,System.Runtime.Serialization.StreamingContext)">
            <summary>
            Initializes a new instance of the <see cref="T:GMap.NET.WindowsForms.GMapMarker"/> class.
            </summary>
            <param name="info">The info.</param>
            <param name="context">The context.</param>
        </member>
        <member name="P:GMap.NET.WindowsForms.GMapMarker.LocalPosition">
            <summary>
            marker position in local coordinates, internal only, do not set it manualy
            </summary>
        </member>
        <member name="P:GMap.NET.WindowsForms.GMapMarker.ToolTipPosition">
            <summary>
            ToolTip position in local coordinates
            </summary>
        </member>
        <member name="P:GMap.NET.WindowsForms.GMapMarker.IsVisible">
            <summary>
            is marker visible
            </summary>
        </member>
        <member name="P:GMap.NET.WindowsForms.GMapMarker.IsMouseOver">
            <summary>
            is mouse over marker
            </summary>
        </member>
        <member name="T:GMap.NET.TilePrefetcher">
            <summary>
            form helping to prefetch tiles on local db
            </summary>
        </member>
        <member name="F:GMap.NET.TilePrefetcher.components">
            <summary>
            Required designer variable.
            </summary>
        </member>
        <member name="M:GMap.NET.TilePrefetcher.Dispose(System.Boolean)">
            <summary>
            Clean up any resources being used.
            </summary>
            <param name="disposing">true if managed resources should be disposed; otherwise, false.</param>
        </member>
        <member name="M:GMap.NET.TilePrefetcher.InitializeComponent">
            <summary>
            Required method for Designer support - do not modify
            the contents of this method with the code editor.
            </summary>
        </member>
        <member name="T:GMap.NET.WindowsForms.GMapRoute">
            <summary>
            GMap.NET route
            </summary>
        </member>
        <member name="F:GMap.NET.WindowsForms.GMapRoute.Stroke">
            <summary>
            specifies how the outline is painted
            </summary>
        </member>
        <member name="M:GMap.NET.WindowsForms.GMapRoute.GetObjectData(System.Runtime.Serialization.SerializationInfo,System.Runtime.Serialization.StreamingContext)">
            <summary>
            Populates a <see cref="T:System.Runtime.Serialization.SerializationInfo"/> with the data needed to serialize the target object.
            </summary>
            <param name="info">The <see cref="T:System.Runtime.Serialization.SerializationInfo"/> to populate with data.</param>
            <param name="context">The destination (see <see cref="T:System.Runtime.Serialization.StreamingContext"/>) for this serialization.</param>
            <exception cref="T:System.Security.SecurityException">
            The caller does not have the required permission.
            </exception>
        </member>
        <member name="M:GMap.NET.WindowsForms.GMapRoute.#ctor(System.Runtime.Serialization.SerializationInfo,System.Runtime.Serialization.StreamingContext)">
            <summary>
            Initializes a new instance of the <see cref="T:GMap.NET.WindowsForms.GMapRoute"/> class.
            </summary>
            <param name="info">The info.</param>
            <param name="context">The context.</param>
        </member>
        <member name="P:GMap.NET.WindowsForms.GMapRoute.IsVisible">
            <summary>
            is marker visible
            </summary>
        </member>
        <member name="T:GMap.NET.WindowsForms.GMapToolTip">
            <summary>
            GMap.NET marker
            </summary>
        </member>
        <member name="F:GMap.NET.WindowsForms.GMapToolTip.Format">
            <summary>
            string format
            </summary>
        </member>
        <member name="F:GMap.NET.WindowsForms.GMapToolTip.Font">
            <summary>
            font
            </summary>
        </member>
        <member name="F:GMap.NET.WindowsForms.GMapToolTip.Stroke">
            <summary>
            specifies how the outline is painted
            </summary>
        </member>
        <member name="F:GMap.NET.WindowsForms.GMapToolTip.Fill">
            <summary>
            background color
            </summary>
        </member>
        <member name="F:GMap.NET.WindowsForms.GMapToolTip.Foreground">
            <summary>
            text foreground
            </summary>
        </member>
        <member name="F:GMap.NET.WindowsForms.GMapToolTip.TextPadding">
            <summary>
            text padding
            </summary>
        </member>
        <member name="M:GMap.NET.WindowsForms.GMapToolTip.#ctor(System.Runtime.Serialization.SerializationInfo,System.Runtime.Serialization.StreamingContext)">
            <summary>
            Initializes a new instance of the <see cref="T:GMap.NET.WindowsForms.GMapToolTip"/> class.
            </summary>
            <param name="info">The info.</param>
            <param name="context">The context.</param>
        </member>
        <member name="M:GMap.NET.WindowsForms.GMapToolTip.GetObjectData(System.Runtime.Serialization.SerializationInfo,System.Runtime.Serialization.StreamingContext)">
            <summary>
            Populates a <see cref="T:System.Runtime.Serialization.SerializationInfo"/> with the data needed to serialize the target object.
            </summary>
            <param name="info">The <see cref="T:System.Runtime.Serialization.SerializationInfo"/> to populate with data.</param>
            <param name="context">The destination (see <see cref="T:System.Runtime.Serialization.StreamingContext"/>) for this serialization.</param>
            <exception cref="T:System.Security.SecurityException">
            The caller does not have the required permission.
            </exception>
        </member>
        <member name="T:GMap.NET.WindowsForms.GMapOverlay">
            <summary>
            GMap.NET overlay
            </summary>
        </member>
        <member name="F:GMap.NET.WindowsForms.GMapOverlay.Id">
            <summary>
            overlay Id
            </summary>
        </member>
        <member name="F:GMap.NET.WindowsForms.GMapOverlay.Markers">
            <summary>
            list of markers, should be thread safe
            </summary>
        </member>
        <member name="F:GMap.NET.WindowsForms.GMapOverlay.Routes">
            <summary>
            list of routes, should be thread safe
            </summary>
        </member>
        <member name="F:GMap.NET.WindowsForms.GMapOverlay.Polygons">
            <summary>
            list of polygons, should be thread safe
            </summary>
        </member>
        <member name="M:GMap.NET.WindowsForms.GMapOverlay.ForceUpdate">
            <summary>
            updates local positions of objects
            </summary>
        </member>
        <member name="M:GMap.NET.WindowsForms.GMapOverlay.DrawRoutes(System.Drawing.Graphics)">
            <summary>
            draw routes, override to draw custom
            </summary>
            <param name="g"></param>
        </member>
        <member name="M:GMap.NET.WindowsForms.GMapOverlay.DrawPolygons(System.Drawing.Graphics)">
            <summary>
            draw polygons, override to draw custom
            </summary>
            <param name="g"></param>
        </member>
        <member name="M:GMap.NET.WindowsForms.GMapOverlay.Render(System.Drawing.Graphics)">
            <summary>
            renders objects and routes
            </summary>
            <param name="g"></param>
        </member>
        <member name="M:GMap.NET.WindowsForms.GMapOverlay.GetObjectData(System.Runtime.Serialization.SerializationInfo,System.Runtime.Serialization.StreamingContext)">
            <summary>
            Populates a <see cref="T:System.Runtime.Serialization.SerializationInfo"/> with the data needed to serialize the target object.
            </summary>
            <param name="info">The <see cref="T:System.Runtime.Serialization.SerializationInfo"/> to populate with data.</param>
            <param name="context">The destination (see <see cref="T:System.Runtime.Serialization.StreamingContext"/>) for this serialization.</param>
            <exception cref="T:System.Security.SecurityException">
            The caller does not have the required permission.
            </exception>
        </member>
        <member name="M:GMap.NET.WindowsForms.GMapOverlay.#ctor(System.Runtime.Serialization.SerializationInfo,System.Runtime.Serialization.StreamingContext)">
            <summary>
            Initializes a new instance of the <see cref="T:GMap.NET.WindowsForms.GMapOverlay"/> class.
            </summary>
            <param name="info">The info.</param>
            <param name="context">The context.</param>
        </member>
        <member name="M:GMap.NET.WindowsForms.GMapOverlay.OnDeserialization(System.Object)">
            <summary>
            Runs when the entire object graph has been deserialized.
            </summary>
            <param name="sender">The object that initiated the callback. The functionality for this parameter is not currently implemented.</param>
        </member>
        <member name="P:GMap.NET.WindowsForms.GMapOverlay.IsVisibile">
            <summary>
            is overlay visible
            </summary>
        </member>
        <member name="T:GMap.NET.WindowsForms.ToolTips.GMapBaloonToolTip">
            <summary>
            GMap.NET marker
            </summary>
        </member>
        <member name="T:GMap.NET.WindowsForms.ToolTips.GMapRoundedToolTip">
            <summary>
            GMap.NET marker
            </summary>
        </member>
        <member name="T:GMap.NET.WindowsForms.GMapPolygon">
            <summary>
            GMap.NET polygon
            </summary>
        </member>
        <member name="F:GMap.NET.WindowsForms.GMapPolygon.Stroke">
            <summary>
            specifies how the outline is painted
            </summary>
        </member>
        <member name="F:GMap.NET.WindowsForms.GMapPolygon.Fill">
            <summary>
            background color
            </summary>
        </member>
        <member name="M:GMap.NET.WindowsForms.GMapPolygon.GetObjectData(System.Runtime.Serialization.SerializationInfo,System.Runtime.Serialization.StreamingContext)">
            <summary>
            Populates a <see cref="T:System.Runtime.Serialization.SerializationInfo"/> with the data needed to serialize the target object.
            </summary>
            <param name="info">The <see cref="T:System.Runtime.Serialization.SerializationInfo"/> to populate with data.</param>
            <param name="context">The destination (see <see cref="T:System.Runtime.Serialization.StreamingContext"/>) for this serialization.</param>
            <exception cref="T:System.Security.SecurityException">
            The caller does not have the required permission.
            </exception>
        </member>
        <member name="M:GMap.NET.WindowsForms.GMapPolygon.#ctor(System.Runtime.Serialization.SerializationInfo,System.Runtime.Serialization.StreamingContext)">
            <summary>
            Initializes a new instance of the <see cref="T:GMap.NET.MapRoute"/> class.
            </summary>
            <param name="info">The info.</param>
            <param name="context">The context.</param>
        </member>
        <member name="M:GMap.NET.WindowsForms.GMapPolygon.OnDeserialization(System.Object)">
            <summary>
            Runs when the entire object graph has been de-serialized.
            </summary>
            <param name="sender">The object that initiated the callback. The functionality for this parameter is not currently implemented.</param>
        </member>
        <member name="P:GMap.NET.WindowsForms.GMapPolygon.IsVisible">
            <summary>
            is marker visible
            </summary>
        </member>
        <member name="T:System.Windows.Forms.Properties.Resources">
            <summary>
              A strongly-typed resource class, for looking up localized strings, etc.
            </summary>
        </member>
        <member name="P:System.Windows.Forms.Properties.Resources.ResourceManager">
            <summary>
              Returns the cached ResourceManager instance used by this class.
            </summary>
        </member>
        <member name="P:System.Windows.Forms.Properties.Resources.Culture">
            <summary>
              Overrides the current thread's CurrentUICulture property for all
              resource lookups using this strongly typed resource class.
            </summary>
        </member>
        <member name="T:GMap.NET.WindowsForms.WindowsFormsImage">
            <summary>
            image abstraction
            </summary>
        </member>
        <member name="T:GMap.NET.WindowsForms.WindowsFormsImageProxy">
            <summary>
            image abstraction proxy
            </summary>
        </member>
        <member name="T:GMap.NET.WindowsForms.MarkerTooltipMode">
            <summary>
            modeof tooltip
            </summary>
        </member>
    </members>
</doc>
