{
    "name":"cat065_1.3_record",
    "type":"record",
    "field_specification":{
        "name":"FSPEC",
        "type":"extendable_bits",
        "reverse_bits":true,
        "data_type":"bitfield"
    },
    "uap":[
        "010",
        "000",
        "015",
        "030",
        "020",
        "040",
        "050",
        "FX",
        "-",
        "-",
        "-",
        "-",
        "-",
        "RE",
        "SP",
        "FX"
    ],
    "items":[
        {
            "number":"000",
            "name":"Message Type",
            "comment":"This Data Item allows for a more convenient handling of the messages at the receiver side by further defining the type of transaction.",
            "type":"item",
            "data_fields":[
                {
                    "name":"Message Type",
                    "comment":"1 SDPS Status,\n2 End of Batch,\n3 Service Status Report.",
                    "type":"fixed_bytes",
                    "length":1,
                    "data_type":"uint"
                }
            ]
        },
        {
            "number":"010",
            "name":"Data Source Identifier",
            "comment":"Identification of the SDPS sending the data",
            "type":"item",
            "data_fields":[
                {
                    "name":"SAC",
                    "comment":"System Area Code",
                    "type":"fixed_bytes",
                    "length":1,
                    "data_type":"uint"
                },
                {
                    "name":"SIC",
                    "comment":"System Identification Code",
                    "type":"fixed_bytes",
                    "length":1,
                    "data_type":"uint"
                }
            ]
        },
        {
            "number":"015",
            "name":"Service Identification",
            "comment":"Identification of the service provided to one or more users.",
            "type":"item",
            "data_fields":[
                {
                    "name":"Service Identification",
                    "comment":"",
                    "type":"fixed_bytes",
                    "length":1,
                    "data_type":"uint"
                }
            ]
        },
        {
            "number":"020",
            "name":"Batch Number",
            "comment":"A number indicating the completion of a service for that batch of track data, from 0 to N-1, N being the number of batches used to make one complete processing cycle.",
            "type":"item",
            "data_fields":[
                {
                    "name":"Batch Number",
                    "comment":"",
                    "type":"fixed_bytes",
                    "length":1,
                    "data_type":"uint"
                }
            ]
        },
        {
            "number":"030",
            "name":"Time of Message",
            "comment":"Absolute time stamping of the message, in the form of elapsed time since last midnight, expressed as UTC.",
            "type":"item",
            "data_fields":[
                {
                    "name":"Time of Message",
                    "comment":"",
                    "type":"fixed_bytes",
                    "length":3,
                    "data_type":"uint",
                    "lsb":0.0078125
                }
            ]
        },
        {
            "number":"040",
            "name":"SDPS Configuration and Status",
            "comment":"Status of an SDPS.",
            "type":"item",
            "data_fields":[
                {
                    "name":"SDPS Configuration and Status",
                    "type":"fixed_bitfield",
                    "length":1,
                    "items":[
                        {
                            "name":"NOGO",
                            "comment":"0 operational\n1 degraded\n2 not currently connected\n3 unknown",
                            "type":"fixed_bits",
                            "start_bit":6,
                            "bit_length":2
                        },
                        {
                            "name":"OVL",
                            "comment":"0 Default\n1 Overload",
                            "type":"fixed_bits",
                            "start_bit":5,
                            "bit_length":1
                        },
                        {
                            "name":"TSV",
                            "comment":"0 Default\n1 Invalid Time Source",
                            "type":"fixed_bits",
                            "start_bit":4,
                            "bit_length":1
                        },
                        {
                            "name":"PSS",
                            "comment":"Processing System Status\n0 not applicable\n1 SDPS-1 selected\n2 SDPS-2 selected\n3 SDPS-3 selected",
                            "type":"fixed_bits",
                            "start_bit":2,
                            "bit_length":2
                        }
                    ]
                }
            ]
        },
        {
            "number":"050",
            "name":"Service Status Report",
            "comment":"Report sent by the SDPS related to a service",
            "type":"item",
            "data_fields":[
                {
                    "name":"REPORT",
                    "comment":"1: service degradation\n2: service degradation ended\n3: main radar out of service\n4: service interrupted by the operator\n5: service interrupted due to contingency\n6: ready for service restart after contingency\n7: service ended by the operator\n8: failure of user main radar\n9: service restarted by the operator\n10: main radar becoming operational\n11: main radar becoming degraded\n12: service continuity interrupted due to disconnection with adjacent unit\n13: service continuity restarted\n14: service synchronised on backup radar\n15: service synchronised on main radar\n16: main and backup radar, if any, failed",
                    "type":"fixed_bytes",
                    "length":1,
                    "data_type":"uint"
                }
            ]
        }
    ]
}
